idx,Client id,Name,Gender,Age,Visit date,Entry date,Hiv
0,194f98ab-ae8c,Bonwell Imasiku,m,43,2017-05-15,2017-11-14,Positive
1,,Matildah Lubasi,f,42,2017-06-23,2018-01-20,Positive
2,,Matildah Lubasi,f,42,2017-06-23,2017-11-08,Positive
3,,James Mwale,m,44,2017-09-13,2018-03-14,Positive
4,06e7189d-f4d4,Ruth Banda,f,76,2017-09-26,2018-04-14,Negative
5,,Robert Mubita,m,25,2017-12-01,2018-11-10,Positive
6,,Mable Phiri,f,64,2018-12-29,2019-03-01,Negative
7,9ee5787e-241b,Royd Mwale,m,51,2019-01-12,2019-09-28,Negative
8,,Gabriel Chisela,m,73,2019-09-25,2020-05-24,Positive
9,,Mykutimia Musonda,f,52,2020-07-28,2021-04-24,Positive
