idx,identifier,first_name,last_name,sex,birth_date,visit_date
0,8e572e7b-f400,L,CHIWALA,F,,30/12/18
1,ab438b74-7674,MOOKA,AGNESS,F,11/02/75,28/03/20
2,b06f6327-eae1,IREEN,CHISENGA,F,12/09/62,04/07/20
3,,ROYD,MWALE,M,18/12/67,12/01/19
4,194f98ab-ae8c,BONWELL,IMASIKU,M,24/02/74,15/05/17
5,85374230-c914,EDWARD,MUNANGANDU,M,25/06/85,28/11/17
6,,GIFT,PHIRI,M,24/04/72,23/10/18
7,58d1e2f0-9d55,DAVID,MWALE,M,09/05/42,01/12/19
8,9718a086-fd9f,ESTHER,KASOMA,F,25/04/62,17/02/17
9,9ec3214a-07d7,KONDWELANI,PHIRI,M,20/07/94,30/08/19
10,cb6e1f7c-e390,JOHN,NGOMA,M,16/08/68,07/11/18
11,fe359bb6-fda1,STEPHEN,SHAKUMBILA,M,06/11/89,19/03/17
12,,ROBERT,PHIRI,M,24/06/58,02/09/19
13,,S,CHISANGA,M,20/03/05,12/12/20
14,559df702-9b29,INONGE,SOKO,F,10/01/85,06/04/20
15,f935b78f-468d,BENARD,KALUBA,M,16/04/67,04/07/17
16,1be1b975-d789,SARA,NGALA,F,28/12/89,16/06/20
17,860d8b8e-bba0,MELANYA,KAIRA,F,16/04/77,24/09/17
18,,MARTIN,CHILUMBU,M,,28/06/20
19,,JOSEPHINE,MILAMBO,F,09/05/00,13/09/19
20,ef6d2c14-d6fc,LUYANDO,CHILUFYA,F,16/03/74,25/05/17
21,3e0644be-5315,METOLDOH,LUBASI,F,02/11/74,23/06/17
22,efbb618e-cc0c,JANE,CHITALA,F,11/02/95,15/11/19
23,87839501-9be1,NOBLE,CHIPOKA,M,30/04/85,06/06/18
24,fc367764-b726,MIRRIAM,KABELEKA,F,,20/08/18
25,46c8c488-70a7,NEWTON,KAMFWA,M,14/08/71,12/03/20
26,60d73ad9-1dd5,ARTHUR,NGEME,M,30/12/71,14/07/17
27,13d95434-5f9e,BENNY,TEMBO,M,21/03/42,08/09/20
28,89cbd07c-516f,DOROTHY,MWILA,F,06/02/59,
29,6b09629f-11ed,MERVIS,BWALYA,F,23/07/50,25/02/18
30,c3128bff-659b,GODWIN,SUWILE,M,02/10/98,09/02/17
31,546fd6ba-a502,ERICK,PHIRI,M,14/06/75,06/10/18
32,6b507771-45fc,PATRICIA,NYNUENGWI,F,28/11/75,26/01/18
33,,EMMANUEL,MUKUNI,M,24/11/70,25/07/19
34,2f28e1ac-8e2c,MAIWASE,PHIRI,F,07/08/72,02/10/17
35,1be1b975-d789,SARA,NGALA,F,28/12/89,16/06/20
36,24d07da6-b0bb,NELLY,SIKALE,F,30/09/77,04/04/17
37,,EUNICE,NGULUBE,F,11/07/46,
38,684f6822-111f,BIOTRICO,CHILESHE,F,24/01/59,
39,fdbc6bef-af2e,SYDNEY,CHIFWATA,M,24/10/68,28/10/19
40,72fed993-3568,DAILESS,MATETE,F,09/08/75,17/11/20
41,fdbc6bef-af2e,SYDNEY,CHIFWATA,M,24/10/68,28/10/19
42,0b209c83-288c,MOSES,NYIRENDA,M,08/11/60,
43,,FEBBY,BUUMBA,F,27/04/73,08/10/20
44,b576ce24-71ea,FELIX,MWILA,M,21/01/83,
45,1219338a-a817,ROBERT,MUBITA,M,17/10/92,01/12/17
46,61420a51-5157,HILDAH,PHIRI,F,03/07/49,03/02/18
47,063040f7-b1f4,,,F,10/02/08,07/10/18
48,,H,CHISHIMBA,M,21/01/77,09/02/20
49,72cc6c7f-2e6f,DAVID,PHIRI,M,03/09/83,06/04/18
50,6b09629f-11ed,,,F,23/07/50,25/02/18
51,4bb7e79d-6efc,CHRISTOPHER,ZIMBA,M,28/01/80,22/09/18
52,85374230-c914,EDWARD,MUNANGANDU,M,,28/11/17
53,,FRIDAH,CHILESHE,F,23/12/73,05/08/20
54,c00025b5-dbfa,CLARA,MUSONDA,F,11/11/73,05/02/19
55,9210df56-70b8,MARY,MUMBA,F,15/05/95,03/02/17
56,6f979bba-9782,ISAAC,LUNGU,M,21/03/80,19/12/19
57,985772b1-9e8d,MUKATIMUI,MUSONDA,F,21/11/67,28/07/20
58,3c677cfc-7d3b,ERIKA,PHIRI,F,10/11/53,
59,d98faecb-a940,MARY,CHEMBE,F,27/02/01,04/06/19
60,13b37303-f2f4,ELTON,LUNGU,M,22/02/58,17/09/19
61,d7a2e4c5-6b7c,MWICHE,BANDA,F,21/05/96,05/01/20
62,ee532432-3d85,ROBERT,ZULU,M,30/01/70,10/03/20
63,06aa12de-de46,RYTH,SAKENI,F,20/03/55,23/03/18
64,,JESON,CHILESHE,M,,08/05/19
65,5b1845ef-25e9,CEPHAS,BANDA,M,09/12/78,07/10/19
66,d234a564-7d40,BANDA,NATHAN,M,19/03/56,04/07/18
67,4bb7e79d-6efc,CHRISTOPHER,ZIMBA,M,28/01/80,22/09/18
68,105b7823-9ea9,GILBERT,MAMBWE,M,24/08/71,15/06/20
69,06e7c2fc-6bd9,JOHN,PHIRI,M,05/09/98,13/10/20
70,941be8e7-ad47,RACHORD,NKAUSU,M,29/07/84,25/04/20
71,a3278955-aff3,ISAAC,BANDA,M,11/12/79,20/05/20
72,8e5d81ee-c423,IDAH,CHULU,F,09/09/57,28/08/18
73,fc367764-b726,MIRRIAM,KABELEKA,F,12/11/69,20/08/18
74,9632f03b-3172,JANE,ZULU,F,27/03/64,22/02/20
75,bb684915-2302,TAULO,JUDITH,F,28/05/71,25/07/20
76,3fa2d32f-5799,BARBRA,MWALE,F,21/05/52,25/02/19
77,3e0644be-5315,MATILDAH,LUBASU,F,02/11/74,
78,39537d41-0a99,BRENDA,BANDA,F,24/07/72,18/05/20
79,,EMMANUEL,MUKUNI,M,24/11/70,25/07/19
80,a4af77be-2cc4,MULENGA,EVELYN,F,13/05/78,19/06/19
81,,STEPHEN,CHISANGA,M,20/03/05,12/12/20
82,979c9ae1-d50e,MILDRED,CHILESHE,F,25/11/95,31/03/19
83,cf4c306f-681b,G,MWANZA,F,23/03/65,20/12/20
84,ce51f5e2-7066,JOSEPH,CHIKOTI,M,01/12/45,
85,fd5c05a9-83a3,MAJORY,PHIRI,F,26/01/76,17/08/17
86,f5e2316b-5694,JOSHUA,MWELWA,M,18/02/74,27/08/19
87,,MABLE,PHIRI,F,11/06/54,
88,,AARON,SIMWAMBA,M,17/12/85,08/02/19
89,8d5bf5f3-8ea3,ROBERT,LUBINDA,M,15/11/86,12/12/20
90,,JOHN,SAKALA,M,01/01/69,20/01/19
91,,NOZIPHO,PHORA,F,08/10/58,16/12/18
92,8e572e7b-f400,LOVENESS,CHIWALA,F,03/03/67,30/12/18
93,,AMON,BWALYA,M,19/11/52,21/05/17
94,ef35ba12-7cd6,SONGWE,DALITSO,M,31/01/97,12/02/20
95,de11f0dc-4768,BRIDGET,NACHILIMA,F,01/06/72,07/02/17
96,7ddf8aeb-c5b4,GODFREY,LONGWE,M,28/12/71,25/02/17
97,2e60e76b-fdd6,MARTHA,NAMBEYE,F,18/01/76,19/12/18
98,df450dcb-d77d,JAMES,MWALE,M,23/11/72,13/09/17
99,e70c4cfb-1f79,G,CHISELA,M,05/07/46,25/09/19
