{
    "source": {
        "sort_by_date": true,
        "date_format": "%Y-%m-%d",
        "swap_full_name": 0.05,
        "abbreviate_full_name": 0.05,
        "misspell_full_name": 0.1,
        "misspell_type": "Fast",
        "age_format": "age",
        "name_format": "title",
        "split_full_name": false,
        "shuffle_columns": false,
        "hide_identifier": false,
        "identifier_coverage": 0.25,
        "date_coverage": 0.9,
        "name_coverage": 0.98,
        "age_coverage": 0.95,
        "extra_date": true,
        "clinvar": true,
        "sex_format": "lower_abbrv",
        "header": [
            2,
            1
        ],
        "size": 10
    },
    "target": {
        "sort_by_date": false,
        "date_format": "%d/%m/%y",
        "swap_full_name": 0.05,
        "abbreviate_full_name": 0.05,
        "misspell_full_name": 0.1,
        "misspell_type": "Fast",
        "age_format": "birth_date",
        "name_format": "upper",
        "split_full_name": true,
        "shuffle_columns": false,
        "hide_identifier": false,
        "identifier_coverage": 0.8,
        "date_coverage": 0.9,
        "name_coverage": 0.98,
        "age_coverage": 0.95,
        "sex_format": "upper_abbrv",
        "header": [
            0,
            0
        ],
        "size": 100
    },
    "truth": {
        "exp_linkage_rate": 0.9
    }
}