identifier	first_name	last_name	sex	birth_date	visit_date
8e572e7b-f400	L	CHIWALA	F		30/12/18
ab438b74-7674	MOOKA	AGNESS	F	11/02/75	28/03/20
b06f6327-eae1	IREEN	CHISENGA	F	12/09/62	04/07/20
	ROYD	MWALE	M	18/12/67	12/01/19
194f98ab-ae8c	BONWELL	IMASIKU	M	24/02/74	15/05/17
85374230-c914	EDWARD	MUNANGANDU	M	25/06/85	28/11/17
	GIFT	PHIRI	M	24/04/72	23/10/18
58d1e2f0-9d55	DAVID	MWALE	M	09/05/42	01/12/19
9718a086-fd9f	ESTHER	KASOMA	F	25/04/62	17/02/17
9ec3214a-07d7	KONDWELANI	PHIRI	M	20/07/94	30/08/19
cb6e1f7c-e390	JOHN	NGOMA	M	16/08/68	07/11/18
fe359bb6-fda1	STEPHEN	SHAKUMBILA	M	06/11/89	19/03/17
	ROBERT	PHIRI	M	24/06/58	02/09/19
	S	CHISANGA	M	20/03/05	12/12/20
559df702-9b29	INONGE	SOKO	F	10/01/85	06/04/20
f935b78f-468d	BENARD	KALUBA	M	16/04/67	04/07/17
1be1b975-d789	SARA	NGALA	F	28/12/89	16/06/20
860d8b8e-bba0	MELANYA	KAIRA	F	16/04/77	24/09/17
	MARTIN	CHILUMBU	M		28/06/20
	JOSEPHINE	MILAMBO	F	09/05/00	13/09/19
ef6d2c14-d6fc	LUYANDO	CHILUFYA	F	16/03/74	25/05/17
3e0644be-5315	METOLDOH	LUBASI	F	02/11/74	23/06/17
efbb618e-cc0c	JANE	CHITALA	F	11/02/95	15/11/19
87839501-9be1	NOBLE	CHIPOKA	M	30/04/85	06/06/18
fc367764-b726	MIRRIAM	KABELEKA	F		20/08/18
46c8c488-70a7	NEWTON	KAMFWA	M	14/08/71	12/03/20
60d73ad9-1dd5	ARTHUR	NGEME	M	30/12/71	14/07/17
13d95434-5f9e	BENNY	TEMBO	M	21/03/42	08/09/20
89cbd07c-516f	DOROTHY	MWILA	F	06/02/59	
6b09629f-11ed	MERVIS	BWALYA	F	23/07/50	25/02/18
c3128bff-659b	GODWIN	SUWILE	M	02/10/98	09/02/17
546fd6ba-a502	ERICK	PHIRI	M	14/06/75	06/10/18
6b507771-45fc	PATRICIA	NYNUENGWI	F	28/11/75	26/01/18
	EMMANUEL	MUKUNI	M	24/11/70	25/07/19
2f28e1ac-8e2c	MAIWASE	PHIRI	F	07/08/72	02/10/17
1be1b975-d789	SARA	NGALA	F	28/12/89	16/06/20
24d07da6-b0bb	NELLY	SIKALE	F	30/09/77	04/04/17
	EUNICE	NGULUBE	F	11/07/46	
684f6822-111f	BIOTRICO	CHILESHE	F	24/01/59	
fdbc6bef-af2e	SYDNEY	CHIFWATA	M	24/10/68	28/10/19
72fed993-3568	DAILESS	MATETE	F	09/08/75	17/11/20
fdbc6bef-af2e	SYDNEY	CHIFWATA	M	24/10/68	28/10/19
0b209c83-288c	MOSES	NYIRENDA	M	08/11/60	
	FEBBY	BUUMBA	F	27/04/73	08/10/20
b576ce24-71ea	FELIX	MWILA	M	21/01/83	
1219338a-a817	ROBERT	MUBITA	M	17/10/92	01/12/17
61420a51-5157	HILDAH	PHIRI	F	03/07/49	03/02/18
063040f7-b1f4			F	10/02/08	07/10/18
	H	CHISHIMBA	M	21/01/77	09/02/20
72cc6c7f-2e6f	DAVID	PHIRI	M	03/09/83	06/04/18
6b09629f-11ed			F	23/07/50	25/02/18
4bb7e79d-6efc	CHRISTOPHER	ZIMBA	M	28/01/80	22/09/18
85374230-c914	EDWARD	MUNANGANDU	M		28/11/17
	FRIDAH	CHILESHE	F	23/12/73	05/08/20
c00025b5-dbfa	CLARA	MUSONDA	F	11/11/73	05/02/19
9210df56-70b8	MARY	MUMBA	F	15/05/95	03/02/17
6f979bba-9782	ISAAC	LUNGU	M	21/03/80	19/12/19
985772b1-9e8d	MUKATIMUI	MUSONDA	F	21/11/67	28/07/20
3c677cfc-7d3b	ERIKA	PHIRI	F	10/11/53	
d98faecb-a940	MARY	CHEMBE	F	27/02/01	04/06/19
13b37303-f2f4	ELTON	LUNGU	M	22/02/58	17/09/19
d7a2e4c5-6b7c	MWICHE	BANDA	F	21/05/96	05/01/20
ee532432-3d85	ROBERT	ZULU	M	30/01/70	10/03/20
06aa12de-de46	RYTH	SAKENI	F	20/03/55	23/03/18
	JESON	CHILESHE	M		08/05/19
5b1845ef-25e9	CEPHAS	BANDA	M	09/12/78	07/10/19
d234a564-7d40	BANDA	NATHAN	M	19/03/56	04/07/18
4bb7e79d-6efc	CHRISTOPHER	ZIMBA	M	28/01/80	22/09/18
105b7823-9ea9	GILBERT	MAMBWE	M	24/08/71	15/06/20
06e7c2fc-6bd9	JOHN	PHIRI	M	05/09/98	13/10/20
941be8e7-ad47	RACHORD	NKAUSU	M	29/07/84	25/04/20
a3278955-aff3	ISAAC	BANDA	M	11/12/79	20/05/20
8e5d81ee-c423	IDAH	CHULU	F	09/09/57	28/08/18
fc367764-b726	MIRRIAM	KABELEKA	F	12/11/69	20/08/18
9632f03b-3172	JANE	ZULU	F	27/03/64	22/02/20
bb684915-2302	TAULO	JUDITH	F	28/05/71	25/07/20
3fa2d32f-5799	BARBRA	MWALE	F	21/05/52	25/02/19
3e0644be-5315	MATILDAH	LUBASU	F	02/11/74	
39537d41-0a99	BRENDA	BANDA	F	24/07/72	18/05/20
	EMMANUEL	MUKUNI	M	24/11/70	25/07/19
a4af77be-2cc4	MULENGA	EVELYN	F	13/05/78	19/06/19
	STEPHEN	CHISANGA	M	20/03/05	12/12/20
979c9ae1-d50e	MILDRED	CHILESHE	F	25/11/95	31/03/19
cf4c306f-681b	G	MWANZA	F	23/03/65	20/12/20
ce51f5e2-7066	JOSEPH	CHIKOTI	M	01/12/45	
fd5c05a9-83a3	MAJORY	PHIRI	F	26/01/76	17/08/17
f5e2316b-5694	JOSHUA	MWELWA	M	18/02/74	27/08/19
	MABLE	PHIRI	F	11/06/54	
	AARON	SIMWAMBA	M	17/12/85	08/02/19
8d5bf5f3-8ea3	ROBERT	LUBINDA	M	15/11/86	12/12/20
	JOHN	SAKALA	M	01/01/69	20/01/19
	NOZIPHO	PHORA	F	08/10/58	16/12/18
8e572e7b-f400	LOVENESS	CHIWALA	F	03/03/67	30/12/18
	AMON	BWALYA	M	19/11/52	21/05/17
ef35ba12-7cd6	SONGWE	DALITSO	M	31/01/97	12/02/20
de11f0dc-4768	BRIDGET	NACHILIMA	F	01/06/72	07/02/17
7ddf8aeb-c5b4	GODFREY	LONGWE	M	28/12/71	25/02/17
2e60e76b-fdd6	MARTHA	NAMBEYE	F	18/01/76	19/12/18
df450dcb-d77d	JAMES	MWALE	M	23/11/72	13/09/17
e70c4cfb-1f79	G	CHISELA	M	05/07/46	25/09/19
