{
    "source": {
        "sort_by_date": false,
        "date_format": "%d %b %Y",
        "swap_full_name": 0.13,
        "abbreviate_full_name": 0.14,
        "misspell_full_name": 0.21,
        "misspell_type": "Accurate",
        "age_format": "age",
        "name_format": "title",
        "split_full_name": false,
        "shuffle_columns": false,
        "hide_identifier": true,
        "identifier_coverage": 1.0,
        "rename_columns": null,
        "date_coverage": 0.8,
        "name_coverage": 0.98,
        "age_coverage": 0.9,
        "sex_format": "lower_abbrv",
        "size": 10000
    },
    "target": {
        "sort_by_date": false,
        "date_format": "%d/%m/%y",
        "swap_full_name": 0.13,
        "abbreviate_full_name": 0.14,
        "misspell_full_name": 0.21,
        "misspell_type": "Accurate",
        "age_format": "birth_date",
        "name_format": "upper",
        "split_full_name": true,
        "shuffle_columns": false,
        "hide_identifier": false,
        "identifier_coverage": 0.8,
        "rename_columns": null,
        "date_coverage": 0.8,
        "name_coverage": 0.98,
        "age_coverage": 0.9,
        "sex_format": "upper_abbrv",
        "size": 30000
    },
    "truth": {
        "exp_linkage_rate": 0.7
    }
}