Client Id	First_Name	Family Name	Gender	Birth_Date	Date
7de6f616-f907	J	MAPOSA	M	02/11/02	03/12/18
9a934cd8-e3ce	PHILIMON	MWANZA	M	13/03/99	26/12/20
0495928a-676c	JONATHAN	TEMBO	M	04/12/67	20/07/17
9375bfee-7f06	MYSHOCK	CHISOMPE	M	17/09/79	29/05/17
b7d1f0a3-86a5	DAINESS	PHIRI	F	03/11/93	06/09/19
0cef264a-0ad4	EDWIN	SHULA	M	13/11/00	
	SAMSON	BANDA	M	03/10/81	07/10/17
	SIMON	PHIRI	M		08/06/20
	MAGGIE	KABUTA	F	21/05/60	04/09/18
e13793f2-78a6	DUNCAN	NYIRENDA	M	04/08/66	26/03/19
	MATILDA	MUSONDA	F	22/12/62	07/12/17
be94b6a2-c831	PRECIOUS	CHELA	F	08/07/76	06/09/19
	HARRISON	PHIRI	M	04/03/48	19/05/20
f92cbdba-a976	TALENT	MULENGA	M	17/10/88	20/09/18
	FATIMA	NKONDE	F	01/02/83	31/03/20
5e25a67a-6324	RUTH	WAKUNGUMA	F	03/02/71	01/11/19
743e8f50-726d	BOSTON	TEMBO	M	07/12/68	04/03/18
120e2ffc-e107	RODWELL	MUNENGE	M	09/01/77	16/08/18
1a570d1b-7aa7	DOREEN	NATALA	F	18/01/80	05/12/18
3477681a-a2c4	ABIGAIL	NACHALWE	F	10/07/63	19/11/17
409065c9-e6fd	ALICE	CHOMBA	F	10/07/82	06/05/17
b5c62a79-7a50	JOSEPH	TIMBE	M	28/03/66	16/11/18
ab78f5d5-7e75	PATRICK	CHILEBELA	M	16/11/85	04/02/20
	MATHIAS	PHIRI	M	23/03/76	04/10/20
f0e7b5b2-dc62	BRENDA	KASOMA	F	05/12/80	07/09/20
56a769c0-c686	MARTHA	TAULO	F	04/10/86	17/01/19
60c66ff0-097d	THOMAS	PHIRI	M	18/05/02	06/04/19
7039c73c-1b02	GIFT	MWANZA	M	28/11/57	09/02/20
1c2900c0-aa44	CHERIAN	BANDA	F	11/02/49	02/12/18
36ccd63f-5848	SAKALA	NAZARENE	M	09/12/50	29/11/17
7fe4f677-a820	SARA	SILUMBWE	F	01/07/52	04/07/18
c611cb2c-5c3e	CHULU	IDAH	F	08/03/81	27/11/17
7de6f616-f907	JASI	MAPOSA	M	02/11/02	
d72b1ad4-6680	MONDE	CHOMBA	F	18/11/69	24/02/20
	JANET	CHIKAPA	F	24/01/63	07/09/17
c6856fbd-f4f9	ANGEL	MVULA	M	08/06/76	09/01/20
fccb08b4-ee9a	ELIJAH	MILANZI	M	20/03/90	15/07/20
470af2a7-953a	EUNICE	CHULU	F	19/04/65	14/12/20
97074589-562d	CHARLES	CHEWE	M	13/08/56	28/08/18
aae59095-b127	MBUYOTI	PHIRI	M	07/10/58	22/06/19
	BANDA	JOE	M		26/02/17
a97b049b-62c2	ABRAHAM	MATE	M	20/06/79	16/07/18
	BARBRA	SIKASULA	F	28/05/76	22/11/19
9ed3f58f-48fc	OBBY	MITI	M	24/06/82	17/06/20
7039c73c-1b02	MWANZY	GIFT	M	28/11/57	09/02/20
ed8ea125-f6fc	EVELYN	CHILONGA	F	20/11/64	07/05/20
5ee22b94-3bdf			M	06/03/53	
3e8b4f14-3fce	AUDREY	CHISALA	F	26/07/79	13/03/20
	KUSENI	MULENGA	M	23/03/95	16/12/19
f92cbdba-a976	TALENT	MULENGA	M	17/10/88	
f27f5c0d-e278	WILLIAM	SIAME	M	27/09/55	11/03/17
ddeca75a-6d30	NELSON	NKOMESHA	M	06/05/67	24/01/20
	JONATHAN	TEMBO	M	28/01/77	28/05/20
23a636f3-c36e	D	SIMWINGA	F	27/09/71	09/07/19
544703a5-dfa7	CHRISTINA	MWANZA	F	13/06/93	19/02/19
6d2ad5f2-961d	MARY	PHIRI	F	24/02/88	23/10/18
8e9378ef-e260	MISHECK	CHIPASHA	M	28/03/83	07/04/20
41441b64-fec2	OSWARD	SYKALY	M	23/01/72	19/08/20
3577b9ec-bf7c	ANITA	MAAMBO	F	15/02/74	29/04/18
22db7f07-91a6	ISAAC	NGULUBE	M	10/06/68	
4e7decee-d28e	ESPINA	MWEENE	F	31/01/74	10/06/19
5ee22b94-3bdf	VERYNICA	PHIRI	M	06/03/53	14/05/20
504fd3cb-96f1	SARA	PHIRI	F	18/01/49	
c1b84071-b3d5	OSWARD	MULENGA	M	19/03/90	03/03/19
cbe625be-28d1	MARY	PHIRI	F		09/08/17
bb80c296-a758	EMELDA	SIISII	F	23/09/73	31/10/18
2dd1c1f7-c541	ESTHER	MWANZA	F	15/05/04	10/03/17
b7d1f0a3-86a5	DAINESS	PHIRI	F	03/11/93	
2cdd9b33-2f4a	JOYCE	PHIRI	F	22/02/56	26/09/17
358457f3-a938	M	MOSHO	F	17/07/94	02/10/19
	DOREEN	NATALA	F	18/01/80	05/12/18
	BINDO	BLESSINGS	F	18/11/72	11/07/19
f7a8a7c5-7535	COLLINS	PHIRI	M	28/05/91	22/06/19
	C	CHEWE	M		28/08/18
2edce3ae-ae76	MARGRET	CHIYOYA	F	19/01/70	25/05/17
3ed7248e-992e	JUSHUU	MWENYA	M	03/08/80	31/05/17
b7e4e061-0594	DEBORA	PHIRI	F	21/10/65	24/11/18
	BOYD	CHILUFYA	M	07/10/91	18/05/17
34bce0fb-0b2d	AMOS	KABUKU	M	15/10/77	27/02/18
bfda2b2c-3492	GLORIA	MWABA	F	05/04/76	20/05/20
ce3a55e2-a332	SAMSON	MUBITA	M	03/06/74	14/01/19
2205b9e8-5612	MICHEAL	MUMBA	M	18/02/65	
19e402ba-0b3b	CAROL	MONO	F	29/11/68	10/08/19
18b4cdb8-c590	ELITA	MWANSA	F	20/02/48	01/03/17
37bfa349-a754	MAUREEN	KAIRA	F	07/03/75	08/04/18
fde15226-40f9	ESTHER	NDIMBA	F	13/05/65	
398cacca-5e6e	BERTHA	BANDA	F	25/08/53	27/06/19
f656a9e5-5279	MONICA	BANDA	F	01/08/57	04/05/18
3477681a-a2c4	ABIGAIL	NYCHALWE	F	10/07/63	19/11/17
549e6e9c-3fd0	TEZA	MULENGA	M	19/10/53	26/02/19
9d6cef6f-53a7	PAUL	KWENDA	M	08/08/70	26/11/18
	BRENDA	MWILA	F	28/02/68	10/04/18
a061e75a-04e9	KENNETH	PHYRI	M	24/01/81	22/11/19
03d2dc1b-d210	MARY	MBAO	F	09/10/83	18/12/19
4f68e0ed-73d7	FELESIYA	ZULU	F	31/07/82	13/01/18
2e71206b-2ebb	BRENDA	MWILA	F	28/02/68	10/04/18
583ae485-2404	DOREEN	NKHATA	F	25/05/76	07/08/20
	JEREMIAH	MAINZA	M	31/10/77	06/05/18
	JACKSON	BWALYA	M	08/06/77	25/10/18
43171860-9918			M		21/08/18
